theme,sub_theme,topic,geography_type,geography,metric,sex,age,stratum,year,date,metric_value,in_reporting_delay_period
infectious_disease,respiratory,COVID-19,Nation,England,COVID-19_cases_casesByDay,all,all,default,2025,2025-04-23,21.0000,False
infectious_disease,respiratory,COVID-19,Nation,England,COVID-19_cases_casesByDay,all,all,default,2025,2025-04-22,126.0000,False
infectious_disease,respiratory,COVID-19,Nation,England,COVID-19_cases_casesByDay,all,all,default,2025,2025-04-21,146.0000,False
infectious_disease,respiratory,COVID-19,Nation,England,COVID-19_cases_casesByDay,all,all,default,2025,2025-04-20,136.0000,False
infectious_disease,respiratory,COVID-19,Nation,England,COVID-19_cases_casesByDay,all,all,default,2025,2025-04-19,137.0000,False
infectious_disease,respiratory,COVID-19,Nation,England,COVID-19_cases_casesByDay,all,all,default,2025,2025-04-18,149.0000,False
infectious_disease,respiratory,COVID-19,Nation,England,COVID-19_cases_casesByDay,all,all,default,2025,2025-04-17,157.0000,False
infectious_disease,respiratory,COVID-19,Nation,England,COVID-19_cases_casesByDay,all,all,default,2025,2025-04-16,187.0000,False
infectious_disease,respiratory,COVID-19,Nation,England,COVID-19_cases_casesByDay,all,all,default,2025,2025-04-15,183.0000,False
infectious_disease,respiratory,COVID-19,Nation,England,COVID-19_cases_casesByDay,all,all,default,2025,2025-04-14,179.0000,False
infectious_disease,respiratory,COVID-19,Nation,England,COVID-19_cases_casesByDay,all,all,default,2025,2025-04-13,182.0000,False
infectious_disease,respiratory,COVID-19,Nation,England,COVID-19_cases_casesByDay,all,all,default,2025,2025-04-12,147.0000,False
infectious_disease,respiratory,COVID-19,Nation,England,COVID-19_cases_casesByDay,all,all,default,2025,2025-04-11,201.0000,False
infectious_disease,respiratory,COVID-19,Nation,England,COVID-19_cases_casesByDay,all,all,default,2025,2025-04-10,175.0000,False
infectious_disease,respiratory,COVID-19,Nation,England,COVID-19_cases_casesByDay,all,all,default,2025,2025-04-09,191.0000,False
infectious_disease,respiratory,COVID-19,Nation,England,COVID-19_cases_casesByDay,all,all,default,2025,2025-04-08,183.0000,False
infectious_disease,respiratory,COVID-19,Nation,England,COVID-19_cases_casesByDay,all,all,default,2025,2025-04-07,168.0000,False
infectious_disease,respiratory,COVID-19,Nation,England,COVID-19_cases_casesByDay,all,all,default,2025,2025-04-06,138.0000,False
infectious_disease,respiratory,COVID-19,Nation,England,COVID-19_cases_casesByDay,all,all,default,2025,2025-04-05,152.0000,False
infectious_disease,respiratory,COVID-19,Nation,England,COVID-19_cases_casesByDay,all,all,default,2025,2025-04-04,184.0000,False
infectious_disease,respiratory,COVID-19,Nation,England,COVID-19_cases_casesByDay,all,all,default,2025,2025-04-03,190.0000,False
infectious_disease,respiratory,COVID-19,Nation,England,COVID-19_cases_casesByDay,all,all,default,2025,2025-04-02,172.0000,False
infectious_disease,respiratory,COVID-19,Nation,England,COVID-19_cases_casesByDay,all,all,default,2025,2025-04-01,214.0000,False
infectious_disease,respiratory,COVID-19,Nation,England,COVID-19_cases_casesByDay,all,all,default,2025,2025-03-31,180.0000,False
infectious_disease,respiratory,COVID-19,Nation,England,COVID-19_cases_casesByDay,all,all,default,2025,2025-03-30,116.0000,False
infectious_disease,respiratory,COVID-19,Nation,England,COVID-19_cases_casesByDay,all,all,default,2025,2025-03-29,117.0000,False
infectious_disease,respiratory,COVID-19,Nation,England,COVID-19_cases_casesByDay,all,all,default,2025,2025-03-28,172.0000,False
infectious_disease,respiratory,COVID-19,Nation,England,COVID-19_cases_casesByDay,all,all,default,2025,2025-03-27,151.0000,False
infectious_disease,respiratory,COVID-19,Nation,England,COVID-19_cases_casesByDay,all,all,default,2025,2025-03-26,189.0000,False
infectious_disease,respiratory,COVID-19,Nation,England,COVID-19_cases_casesByDay,all,all,default,2025,2025-03-25,190.0000,False
infectious_disease,respiratory,COVID-19,Nation,England,COVID-19_cases_casesByDay,all,all,default,2025,2025-03-24,177.0000,False
infectious_disease,respiratory,COVID-19,Nation,England,COVID-19_cases_casesByDay,all,all,default,2025,2025-03-23,136.0000,False
infectious_disease,respiratory,COVID-19,Nation,England,COVID-19_cases_casesByDay,all,all,default,2025,2025-03-22,124.0000,False
infectious_disease,respiratory,COVID-19,Nation,England,COVID-19_cases_casesByDay,all,all,default,2025,2025-03-21,168.0000,False
infectious_disease,respiratory,COVID-19,Nation,England,COVID-19_cases_casesByDay,all,all,default,2025,2025-03-20,172.0000,False
infectious_disease,respiratory,COVID-19,Nation,England,COVID-19_cases_casesByDay,all,all,default,2025,2025-03-19,172.0000,False
infectious_disease,respiratory,COVID-19,Nation,England,COVID-19_cases_casesByDay,all,all,default,2025,2025-03-18,163.0000,False
infectious_disease,respiratory,COVID-19,Nation,England,COVID-19_cases_casesByDay,all,all,default,2025,2025-03-17,169.0000,False
infectious_disease,respiratory,COVID-19,Nation,England,COVID-19_cases_casesByDay,all,all,default,2025,2025-03-16,125.0000,False
infectious_disease,respiratory,COVID-19,Nation,England,COVID-19_cases_casesByDay,all,all,default,2025,2025-03-15,82.0000,False
infectious_disease,respiratory,COVID-19,Nation,England,COVID-19_cases_casesByDay,all,all,default,2025,2025-03-14,124.0000,False
infectious_disease,respiratory,COVID-19,Nation,England,COVID-19_cases_casesByDay,all,all,default,2025,2025-03-13,124.0000,False
infectious_disease,respiratory,COVID-19,Nation,England,COVID-19_cases_casesByDay,all,all,default,2025,2025-03-12,139.0000,False
infectious_disease,respiratory,COVID-19,Nation,England,COVID-19_cases_casesByDay,all,all,default,2025,2025-03-11,168.0000,False
infectious_disease,respiratory,COVID-19,Nation,England,COVID-19_cases_casesByDay,all,all,default,2025,2025-03-10,148.0000,False
infectious_disease,respiratory,COVID-19,Nation,England,COVID-19_cases_casesByDay,all,all,default,2025,2025-03-09,107.0000,False
infectious_disease,respiratory,COVID-19,Nation,England,COVID-19_cases_casesByDay,all,all,default,2025,2025-03-08,113.0000,False
infectious_disease,respiratory,COVID-19,Nation,England,COVID-19_cases_casesByDay,all,all,default,2025,2025-03-07,161.0000,False
infectious_disease,respiratory,COVID-19,Nation,England,COVID-19_cases_casesByDay,all,all,default,2025,2025-03-06,135.0000,False
infectious_disease,respiratory,COVID-19,Nation,England,COVID-19_cases_casesByDay,all,all,default,2025,2025-03-05,144.0000,False
infectious_disease,respiratory,COVID-19,Nation,England,COVID-19_cases_casesByDay,all,all,default,2025,2025-03-04,158.0000,False
infectious_disease,respiratory,COVID-19,Nation,England,COVID-19_cases_casesByDay,all,all,default,2025,2025-03-03,117.0000,False
infectious_disease,respiratory,COVID-19,Nation,England,COVID-19_cases_casesByDay,all,all,default,2025,2025-03-02,94.0000,False
infectious_disease,respiratory,COVID-19,Nation,England,COVID-19_cases_casesByDay,all,all,default,2025,2025-03-01,95.0000,False
infectious_disease,respiratory,COVID-19,Nation,England,COVID-19_cases_casesByDay,all,all,default,2025,2025-02-28,123.0000,False
infectious_disease,respiratory,COVID-19,Nation,England,COVID-19_cases_casesByDay,all,all,default,2025,2025-02-27,113.0000,False
infectious_disease,respiratory,COVID-19,Nation,England,COVID-19_cases_casesByDay,all,all,default,2025,2025-02-26,138.0000,False
infectious_disease,respiratory,COVID-19,Nation,England,COVID-19_cases_casesByDay,all,all,default,2025,2025-02-25,162.0000,False
infectious_disease,respiratory,COVID-19,Nation,England,COVID-19_cases_casesByDay,all,all,default,2025,2025-02-24,171.0000,False
infectious_disease,respiratory,COVID-19,Nation,England,COVID-19_cases_casesByDay,all,all,default,2025,2025-02-23,109.0000,False
infectious_disease,respiratory,COVID-19,Nation,England,COVID-19_cases_casesByDay,all,all,default,2025,2025-02-22,119.0000,False
infectious_disease,respiratory,COVID-19,Nation,England,COVID-19_cases_casesByDay,all,all,default,2025,2025-02-21,164.0000,False
infectious_disease,respiratory,COVID-19,Nation,England,COVID-19_cases_casesByDay,all,all,default,2025,2025-02-20,144.0000,False
infectious_disease,respiratory,COVID-19,Nation,England,COVID-19_cases_casesByDay,all,all,default,2025,2025-02-19,151.0000,False
infectious_disease,respiratory,COVID-19,Nation,England,COVID-19_cases_casesByDay,all,all,default,2025,2025-02-18,146.0000,False
infectious_disease,respiratory,COVID-19,Nation,England,COVID-19_cases_casesByDay,all,all,default,2025,2025-02-17,131.0000,False
infectious_disease,respiratory,COVID-19,Nation,England,COVID-19_cases_casesByDay,all,all,default,2025,2025-02-16,98.0000,False
infectious_disease,respiratory,COVID-19,Nation,England,COVID-19_cases_casesByDay,all,all,default,2025,2025-02-15,99.0000,False
infectious_disease,respiratory,COVID-19,Nation,England,COVID-19_cases_casesByDay,all,all,default,2025,2025-02-14,128.0000,False
infectious_disease,respiratory,COVID-19,Nation,England,COVID-19_cases_casesByDay,all,all,default,2025,2025-02-13,144.0000,False
infectious_disease,respiratory,COVID-19,Nation,England,COVID-19_cases_casesByDay,all,all,default,2025,2025-02-12,117.0000,False
infectious_disease,respiratory,COVID-19,Nation,England,COVID-19_cases_casesByDay,all,all,default,2025,2025-02-11,155.0000,False
infectious_disease,respiratory,COVID-19,Nation,England,COVID-19_cases_casesByDay,all,all,default,2025,2025-02-10,132.0000,False
infectious_disease,respiratory,COVID-19,Nation,England,COVID-19_cases_casesByDay,all,all,default,2025,2025-02-09,113.0000,False
infectious_disease,respiratory,COVID-19,Nation,England,COVID-19_cases_casesByDay,all,all,default,2025,2025-02-08,106.0000,False
infectious_disease,respiratory,COVID-19,Nation,England,COVID-19_cases_casesByDay,all,all,default,2025,2025-02-07,120.0000,False
infectious_disease,respiratory,COVID-19,Nation,England,COVID-19_cases_casesByDay,all,all,default,2025,2025-02-06,113.0000,False
infectious_disease,respiratory,COVID-19,Nation,England,COVID-19_cases_casesByDay,all,all,default,2025,2025-02-05,114.0000,False
infectious_disease,respiratory,COVID-19,Nation,England,COVID-19_cases_casesByDay,all,all,default,2025,2025-02-04,143.0000,False
infectious_disease,respiratory,COVID-19,Nation,England,COVID-19_cases_casesByDay,all,all,default,2025,2025-02-03,129.0000,False
infectious_disease,respiratory,COVID-19,Nation,England,COVID-19_cases_casesByDay,all,all,default,2025,2025-02-02,100.0000,False
infectious_disease,respiratory,COVID-19,Nation,England,COVID-19_cases_casesByDay,all,all,default,2025,2025-02-01,91.0000,False
infectious_disease,respiratory,COVID-19,Nation,England,COVID-19_cases_casesByDay,all,all,default,2025,2025-01-31,116.0000,False
infectious_disease,respiratory,COVID-19,Nation,England,COVID-19_cases_casesByDay,all,all,default,2025,2025-01-30,138.0000,False
infectious_disease,respiratory,COVID-19,Nation,England,COVID-19_cases_casesByDay,all,all,default,2025,2025-01-29,118.0000,False
infectious_disease,respiratory,COVID-19,Nation,England,COVID-19_cases_casesByDay,all,all,default,2025,2025-01-28,139.0000,False
infectious_disease,respiratory,COVID-19,Nation,England,COVID-19_cases_casesByDay,all,all,default,2025,2025-01-27,139.0000,False
infectious_disease,respiratory,COVID-19,Nation,England,COVID-19_cases_casesByDay,all,all,default,2025,2025-01-26,96.0000,False
infectious_disease,respiratory,COVID-19,Nation,England,COVID-19_cases_casesByDay,all,all,default,2025,2025-01-25,86.0000,False
infectious_disease,respiratory,COVID-19,Nation,England,COVID-19_cases_casesByDay,all,all,default,2025,2025-01-24,129.0000,False
infectious_disease,respiratory,COVID-19,Nation,England,COVID-19_cases_casesByDay,all,all,default,2025,2025-01-23,112.0000,False
infectious_disease,respiratory,COVID-19,Nation,England,COVID-19_cases_casesByDay,all,all,default,2025,2025-01-22,134.0000,False
infectious_disease,respiratory,COVID-19,Nation,England,COVID-19_cases_casesByDay,all,all,default,2025,2025-01-21,147.0000,False
infectious_disease,respiratory,COVID-19,Nation,England,COVID-19_cases_casesByDay,all,all,default,2025,2025-01-20,122.0000,False
infectious_disease,respiratory,COVID-19,Nation,England,COVID-19_cases_casesByDay,all,all,default,2025,2025-01-19,99.0000,False
infectious_disease,respiratory,COVID-19,Nation,England,COVID-19_cases_casesByDay,all,all,default,2025,2025-01-18,87.0000,False
infectious_disease,respiratory,COVID-19,Nation,England,COVID-19_cases_casesByDay,all,all,default,2025,2025-01-17,110.0000,False
infectious_disease,respiratory,COVID-19,Nation,England,COVID-19_cases_casesByDay,all,all,default,2025,2025-01-16,117.0000,False
infectious_disease,respiratory,COVID-19,Nation,England,COVID-19_cases_casesByDay,all,all,default,2025,2025-01-15,139.0000,False
infectious_disease,respiratory,COVID-19,Nation,England,COVID-19_cases_casesByDay,all,all,default,2025,2025-01-14,144.0000,False
infectious_disease,respiratory,COVID-19,Nation,England,COVID-19_cases_casesByDay,all,all,default,2025,2025-01-13,137.0000,False
infectious_disease,respiratory,COVID-19,Nation,England,COVID-19_cases_casesByDay,all,all,default,2025,2025-01-12,92.0000,False
infectious_disease,respiratory,COVID-19,Nation,England,COVID-19_cases_casesByDay,all,all,default,2025,2025-01-11,76.0000,False
infectious_disease,respiratory,COVID-19,Nation,England,COVID-19_cases_casesByDay,all,all,default,2025,2025-01-10,131.0000,False
infectious_disease,respiratory,COVID-19,Nation,England,COVID-19_cases_casesByDay,all,all,default,2025,2025-01-09,125.0000,False
infectious_disease,respiratory,COVID-19,Nation,England,COVID-19_cases_casesByDay,all,all,default,2025,2025-01-08,141.0000,False
infectious_disease,respiratory,COVID-19,Nation,England,COVID-19_cases_casesByDay,all,all,default,2025,2025-01-07,169.0000,False
infectious_disease,respiratory,COVID-19,Nation,England,COVID-19_cases_casesByDay,all,all,default,2025,2025-01-06,134.0000,False
infectious_disease,respiratory,COVID-19,Nation,England,COVID-19_cases_casesByDay,all,all,default,2025,2025-01-05,98.0000,False
infectious_disease,respiratory,COVID-19,Nation,England,COVID-19_cases_casesByDay,all,all,default,2025,2025-01-04,131.0000,False
infectious_disease,respiratory,COVID-19,Nation,England,COVID-19_cases_casesByDay,all,all,default,2025,2025-01-03,128.0000,False
infectious_disease,respiratory,COVID-19,Nation,England,COVID-19_cases_casesByDay,all,all,default,2025,2025-01-02,168.0000,False
infectious_disease,respiratory,COVID-19,Nation,England,COVID-19_cases_casesByDay,all,all,default,2025,2025-01-01,115.0000,False
infectious_disease,respiratory,COVID-19,Nation,England,COVID-19_cases_casesByDay,all,all,default,2024,2024-12-31,162.0000,False
infectious_disease,respiratory,COVID-19,Nation,England,COVID-19_cases_casesByDay,all,all,default,2024,2024-12-30,173.0000,False
infectious_disease,respiratory,COVID-19,Nation,England,COVID-19_cases_casesByDay,all,all,default,2024,2024-12-29,120.0000,False
infectious_disease,respiratory,COVID-19,Nation,England,COVID-19_cases_casesByDay,all,all,default,2024,2024-12-28,110.0000,False
infectious_disease,respiratory,COVID-19,Nation,England,COVID-19_cases_casesByDay,all,all,default,2024,2024-12-27,153.0000,False
infectious_disease,respiratory,COVID-19,Nation,England,COVID-19_cases_casesByDay,all,all,default,2024,2024-12-26,133.0000,False
infectious_disease,respiratory,COVID-19,Nation,England,COVID-19_cases_casesByDay,all,all,default,2024,2024-12-25,124.0000,False
infectious_disease,respiratory,COVID-19,Nation,England,COVID-19_cases_casesByDay,all,all,default,2024,2024-12-24,141.0000,False
infectious_disease,respiratory,COVID-19,Nation,England,COVID-19_cases_casesByDay,all,all,default,2024,2024-12-23,154.0000,False
infectious_disease,respiratory,COVID-19,Nation,England,COVID-19_cases_casesByDay,all,all,default,2024,2024-12-22,131.0000,False
infectious_disease,respiratory,COVID-19,Nation,England,COVID-19_cases_casesByDay,all,all,default,2024,2024-12-21,115.0000,False
infectious_disease,respiratory,COVID-19,Nation,England,COVID-19_cases_casesByDay,all,all,default,2024,2024-12-20,157.0000,False
infectious_disease,respiratory,COVID-19,Nation,England,COVID-19_cases_casesByDay,all,all,default,2024,2024-12-19,158.0000,False
infectious_disease,respiratory,COVID-19,Nation,England,COVID-19_cases_casesByDay,all,all,default,2024,2024-12-18,219.0000,False
infectious_disease,respiratory,COVID-19,Nation,England,COVID-19_cases_casesByDay,all,all,default,2024,2024-12-17,188.0000,False
infectious_disease,respiratory,COVID-19,Nation,England,COVID-19_cases_casesByDay,all,all,default,2024,2024-12-16,205.0000,False
infectious_disease,respiratory,COVID-19,Nation,England,COVID-19_cases_casesByDay,all,all,default,2024,2024-12-15,127.0000,False
infectious_disease,respiratory,COVID-19,Nation,England,COVID-19_cases_casesByDay,all,all,default,2024,2024-12-14,125.0000,False
infectious_disease,respiratory,COVID-19,Nation,England,COVID-19_cases_casesByDay,all,all,default,2024,2024-12-13,159.0000,False
infectious_disease,respiratory,COVID-19,Nation,England,COVID-19_cases_casesByDay,all,all,default,2024,2024-12-12,162.0000,False
infectious_disease,respiratory,COVID-19,Nation,England,COVID-19_cases_casesByDay,all,all,default,2024,2024-12-11,157.0000,False
infectious_disease,respiratory,COVID-19,Nation,England,COVID-19_cases_casesByDay,all,all,default,2024,2024-12-10,195.0000,False
infectious_disease,respiratory,COVID-19,Nation,England,COVID-19_cases_casesByDay,all,all,default,2024,2024-12-09,189.0000,False
infectious_disease,respiratory,COVID-19,Nation,England,COVID-19_cases_casesByDay,all,all,default,2024,2024-12-08,114.0000,False
infectious_disease,respiratory,COVID-19,Nation,England,COVID-19_cases_casesByDay,all,all,default,2024,2024-12-07,121.0000,False
infectious_disease,respiratory,COVID-19,Nation,England,COVID-19_cases_casesByDay,all,all,default,2024,2024-12-06,176.0000,False
infectious_disease,respiratory,COVID-19,Nation,England,COVID-19_cases_casesByDay,all,all,default,2024,2024-12-05,179.0000,False
infectious_disease,respiratory,COVID-19,Nation,England,COVID-19_cases_casesByDay,all,all,default,2024,2024-12-04,167.0000,False
infectious_disease,respiratory,COVID-19,Nation,England,COVID-19_cases_casesByDay,all,all,default,2024,2024-12-03,177.0000,False
infectious_disease,respiratory,COVID-19,Nation,England,COVID-19_cases_casesByDay,all,all,default,2024,2024-12-02,204.0000,False
infectious_disease,respiratory,COVID-19,Nation,England,COVID-19_cases_casesByDay,all,all,default,2024,2024-12-01,123.0000,False
infectious_disease,respiratory,COVID-19,Nation,England,COVID-19_cases_casesByDay,all,all,default,2024,2024-11-30,131.0000,False
infectious_disease,respiratory,COVID-19,Nation,England,COVID-19_cases_casesByDay,all,all,default,2024,2024-11-29,157.0000,False
infectious_disease,respiratory,COVID-19,Nation,England,COVID-19_cases_casesByDay,all,all,default,2024,2024-11-28,172.0000,False
infectious_disease,respiratory,COVID-19,Nation,England,COVID-19_cases_casesByDay,all,all,default,2024,2024-11-27,179.0000,False
infectious_disease,respiratory,COVID-19,Nation,England,COVID-19_cases_casesByDay,all,all,default,2024,2024-11-26,221.0000,False
infectious_disease,respiratory,COVID-19,Nation,England,COVID-19_cases_casesByDay,all,all,default,2024,2024-11-25,189.0000,False
infectious_disease,respiratory,COVID-19,Nation,England,COVID-19_cases_casesByDay,all,all,default,2024,2024-11-24,114.0000,False
infectious_disease,respiratory,COVID-19,Nation,England,COVID-19_cases_casesByDay,all,all,default,2024,2024-11-23,167.0000,False
infectious_disease,respiratory,COVID-19,Nation,England,COVID-19_cases_casesByDay,all,all,default,2024,2024-11-22,159.0000,False
infectious_disease,respiratory,COVID-19,Nation,England,COVID-19_cases_casesByDay,all,all,default,2024,2024-11-21,155.0000,False
infectious_disease,respiratory,COVID-19,Nation,England,COVID-19_cases_casesByDay,all,all,default,2024,2024-11-20,192.0000,False
infectious_disease,respiratory,COVID-19,Nation,England,COVID-19_cases_casesByDay,all,all,default,2024,2024-11-19,224.0000,False
infectious_disease,respiratory,COVID-19,Nation,England,COVID-19_cases_casesByDay,all,all,default,2024,2024-11-18,196.0000,False
infectious_disease,respiratory,COVID-19,Nation,England,COVID-19_cases_casesByDay,all,all,default,2024,2024-11-17,118.0000,False
infectious_disease,respiratory,COVID-19,Nation,England,COVID-19_cases_casesByDay,all,all,default,2024,2024-11-16,124.0000,False
infectious_disease,respiratory,COVID-19,Nation,England,COVID-19_cases_casesByDay,all,all,default,2024,2024-11-15,187.0000,False
infectious_disease,respiratory,COVID-19,Nation,England,COVID-19_cases_casesByDay,all,all,default,2024,2024-11-14,169.0000,False
infectious_disease,respiratory,COVID-19,Nation,England,COVID-19_cases_casesByDay,all,all,default,2024,2024-11-13,197.0000,False
infectious_disease,respiratory,COVID-19,Nation,England,COVID-19_cases_casesByDay,all,all,default,2024,2024-11-12,188.0000,False
infectious_disease,respiratory,COVID-19,Nation,England,COVID-19_cases_casesByDay,all,all,default,2024,2024-11-11,182.0000,False
infectious_disease,respiratory,COVID-19,Nation,England,COVID-19_cases_casesByDay,all,all,default,2024,2024-11-10,155.0000,False
infectious_disease,respiratory,COVID-19,Nation,England,COVID-19_cases_casesByDay,all,all,default,2024,2024-11-09,162.0000,False
infectious_disease,respiratory,COVID-19,Nation,England,COVID-19_cases_casesByDay,all,all,default,2024,2024-11-08,226.0000,False
infectious_disease,respiratory,COVID-19,Nation,England,COVID-19_cases_casesByDay,all,all,default,2024,2024-11-07,219.0000,False
infectious_disease,respiratory,COVID-19,Nation,England,COVID-19_cases_casesByDay,all,all,default,2024,2024-11-06,217.0000,False
infectious_disease,respiratory,COVID-19,Nation,England,COVID-19_cases_casesByDay,all,all,default,2024,2024-11-05,233.0000,False
infectious_disease,respiratory,COVID-19,Nation,England,COVID-19_cases_casesByDay,all,all,default,2024,2024-11-04,271.0000,False
infectious_disease,respiratory,COVID-19,Nation,England,COVID-19_cases_casesByDay,all,all,default,2024,2024-11-03,169.0000,False
infectious_disease,respiratory,COVID-19,Nation,England,COVID-19_cases_casesByDay,all,all,default,2024,2024-11-02,171.0000,False
infectious_disease,respiratory,COVID-19,Nation,England,COVID-19_cases_casesByDay,all,all,default,2024,2024-11-01,250.0000,False
infectious_disease,respiratory,COVID-19,Nation,England,COVID-19_cases_casesByDay,all,all,default,2024,2024-10-31,275.0000,False
infectious_disease,respiratory,COVID-19,Nation,England,COVID-19_cases_casesByDay,all,all,default,2024,2024-10-30,323.0000,False
infectious_disease,respiratory,COVID-19,Nation,England,COVID-19_cases_casesByDay,all,all,default,2024,2024-10-29,306.0000,False
infectious_disease,respiratory,COVID-19,Nation,England,COVID-19_cases_casesByDay,all,all,default,2024,2024-10-28,339.0000,False
infectious_disease,respiratory,COVID-19,Nation,England,COVID-19_cases_casesByDay,all,all,default,2024,2024-10-27,245.0000,False
infectious_disease,respiratory,COVID-19,Nation,England,COVID-19_cases_casesByDay,all,all,default,2024,2024-10-26,240.0000,False
infectious_disease,respiratory,COVID-19,Nation,England,COVID-19_cases_casesByDay,all,all,default,2024,2024-10-25,379.0000,False
infectious_disease,respiratory,COVID-19,Nation,England,COVID-19_cases_casesByDay,all,all,default,2024,2024-10-24,411.0000,False
infectious_disease,respiratory,COVID-19,Nation,England,COVID-19_cases_casesByDay,all,all,default,2024,2024-10-23,389.0000,False
infectious_disease,respiratory,COVID-19,Nation,England,COVID-19_cases_casesByDay,all,all,default,2024,2024-10-22,425.0000,False
infectious_disease,respiratory,COVID-19,Nation,England,COVID-19_cases_casesByDay,all,all,default,2024,2024-10-21,482.0000,False
infectious_disease,respiratory,COVID-19,Nation,England,COVID-19_cases_casesByDay,all,all,default,2024,2024-10-20,325.0000,False
infectious_disease,respiratory,COVID-19,Nation,England,COVID-19_cases_casesByDay,all,all,default,2024,2024-10-19,348.0000,False
infectious_disease,respiratory,COVID-19,Nation,England,COVID-19_cases_casesByDay,all,all,default,2024,2024-10-18,470.0000,False
infectious_disease,respiratory,COVID-19,Nation,England,COVID-19_cases_casesByDay,all,all,default,2024,2024-10-17,585.0000,False
infectious_disease,respiratory,COVID-19,Nation,England,COVID-19_cases_casesByDay,all,all,default,2024,2024-10-16,581.0000,False
infectious_disease,respiratory,COVID-19,Nation,England,COVID-19_cases_casesByDay,all,all,default,2024,2024-10-15,492.0000,False
infectious_disease,respiratory,COVID-19,Nation,England,COVID-19_cases_casesByDay,all,all,default,2024,2024-10-14,497.0000,False
infectious_disease,respiratory,COVID-19,Nation,England,COVID-19_cases_casesByDay,all,all,default,2024,2024-10-13,336.0000,False
infectious_disease,respiratory,COVID-19,Nation,England,COVID-19_cases_casesByDay,all,all,default,2024,2024-10-12,330.0000,False
infectious_disease,respiratory,COVID-19,Nation,England,COVID-19_cases_casesByDay,all,all,default,2024,2024-10-11,437.0000,False
infectious_disease,respiratory,COVID-19,Nation,England,COVID-19_cases_casesByDay,all,all,default,2024,2024-10-10,554.0000,False
infectious_disease,respiratory,COVID-19,Nation,England,COVID-19_cases_casesByDay,all,all,default,2024,2024-10-09,560.0000,False
infectious_disease,respiratory,COVID-19,Nation,England,COVID-19_cases_casesByDay,all,all,default,2024,2024-10-08,594.0000,False
infectious_disease,respiratory,COVID-19,Nation,England,COVID-19_cases_casesByDay,all,all,default,2024,2024-10-07,645.0000,False
infectious_disease,respiratory,COVID-19,Nation,England,COVID-19_cases_casesByDay,all,all,default,2024,2024-10-06,410.0000,False
infectious_disease,respiratory,COVID-19,Nation,England,COVID-19_cases_casesByDay,all,all,default,2024,2024-10-05,388.0000,False
infectious_disease,respiratory,COVID-19,Nation,England,COVID-19_cases_casesByDay,all,all,default,2024,2024-10-04,513.0000,False
infectious_disease,respiratory,COVID-19,Nation,England,COVID-19_cases_casesByDay,all,all,default,2024,2024-10-03,510.0000,False
infectious_disease,respiratory,COVID-19,Nation,England,COVID-19_cases_casesByDay,all,all,default,2024,2024-10-02,562.0000,False
infectious_disease,respiratory,COVID-19,Nation,England,COVID-19_cases_casesByDay,all,all,default,2024,2024-10-01,521.0000,False
infectious_disease,respiratory,COVID-19,Nation,England,COVID-19_cases_casesByDay,all,all,default,2024,2024-09-30,469.0000,False
infectious_disease,respiratory,COVID-19,Nation,England,COVID-19_cases_casesByDay,all,all,default,2024,2024-09-29,293.0000,False
infectious_disease,respiratory,COVID-19,Nation,England,COVID-19_cases_casesByDay,all,all,default,2024,2024-09-28,331.0000,False
infectious_disease,respiratory,COVID-19,Nation,England,COVID-19_cases_casesByDay,all,all,default,2024,2024-09-27,433.0000,False
infectious_disease,respiratory,COVID-19,Nation,England,COVID-19_cases_casesByDay,all,all,default,2024,2024-09-26,485.0000,False
infectious_disease,respiratory,COVID-19,Nation,England,COVID-19_cases_casesByDay,all,all,default,2024,2024-09-25,453.0000,False
infectious_disease,respiratory,COVID-19,Nation,England,COVID-19_cases_casesByDay,all,all,default,2024,2024-09-24,487.0000,False
infectious_disease,respiratory,COVID-19,Nation,England,COVID-19_cases_casesByDay,all,all,default,2024,2024-09-23,512.0000,False
infectious_disease,respiratory,COVID-19,Nation,England,COVID-19_cases_casesByDay,all,all,default,2024,2024-09-22,383.0000,False
infectious_disease,respiratory,COVID-19,Nation,England,COVID-19_cases_casesByDay,all,all,default,2024,2024-09-21,317.0000,False
infectious_disease,respiratory,COVID-19,Nation,England,COVID-19_cases_casesByDay,all,all,default,2024,2024-09-20,409.0000,False
infectious_disease,respiratory,COVID-19,Nation,England,COVID-19_cases_casesByDay,all,all,default,2024,2024-09-19,418.0000,False
infectious_disease,respiratory,COVID-19,Nation,England,COVID-19_cases_casesByDay,all,all,default,2024,2024-09-18,436.0000,False
infectious_disease,respiratory,COVID-19,Nation,England,COVID-19_cases_casesByDay,all,all,default,2024,2024-09-17,451.0000,False
infectious_disease,respiratory,COVID-19,Nation,England,COVID-19_cases_casesByDay,all,all,default,2024,2024-09-16,465.0000,False
infectious_disease,respiratory,COVID-19,Nation,England,COVID-19_cases_casesByDay,all,all,default,2024,2024-09-15,272.0000,False
infectious_disease,respiratory,COVID-19,Nation,England,COVID-19_cases_casesByDay,all,all,default,2024,2024-09-14,257.0000,False
infectious_disease,respiratory,COVID-19,Nation,England,COVID-19_cases_casesByDay,all,all,default,2024,2024-09-13,269.0000,False
infectious_disease,respiratory,COVID-19,Nation,England,COVID-19_cases_casesByDay,all,all,default,2024,2024-09-12,264.0000,False
infectious_disease,respiratory,COVID-19,Nation,England,COVID-19_cases_casesByDay,all,all,default,2024,2024-09-11,281.0000,False
infectious_disease,respiratory,COVID-19,Nation,England,COVID-19_cases_casesByDay,all,all,default,2024,2024-09-10,293.0000,False
infectious_disease,respiratory,COVID-19,Nation,England,COVID-19_cases_casesByDay,all,all,default,2024,2024-09-09,282.0000,False
infectious_disease,respiratory,COVID-19,Nation,England,COVID-19_cases_casesByDay,all,all,default,2024,2024-09-08,198.0000,False
infectious_disease,respiratory,COVID-19,Nation,England,COVID-19_cases_casesByDay,all,all,default,2024,2024-09-07,195.0000,False
infectious_disease,respiratory,COVID-19,Nation,England,COVID-19_cases_casesByDay,all,all,default,2024,2024-09-06,273.0000,False
infectious_disease,respiratory,COVID-19,Nation,England,COVID-19_cases_casesByDay,all,all,default,2024,2024-09-05,268.0000,False
infectious_disease,respiratory,COVID-19,Nation,England,COVID-19_cases_casesByDay,all,all,default,2024,2024-09-04,247.0000,False
infectious_disease,respiratory,COVID-19,Nation,England,COVID-19_cases_casesByDay,all,all,default,2024,2024-09-03,277.0000,False
infectious_disease,respiratory,COVID-19,Nation,England,COVID-19_cases_casesByDay,all,all,default,2024,2024-09-02,280.0000,False
infectious_disease,respiratory,COVID-19,Nation,England,COVID-19_cases_casesByDay,all,all,default,2024,2024-09-01,172.0000,False
infectious_disease,respiratory,COVID-19,Nation,England,COVID-19_cases_casesByDay,all,all,default,2024,2024-08-31,199.0000,False
infectious_disease,respiratory,COVID-19,Nation,England,COVID-19_cases_casesByDay,all,all,default,2024,2024-08-30,246.0000,False
infectious_disease,respiratory,COVID-19,Nation,England,COVID-19_cases_casesByDay,all,all,default,2024,2024-08-29,259.0000,False
infectious_disease,respiratory,COVID-19,Nation,England,COVID-19_cases_casesByDay,all,all,default,2024,2024-08-28,278.0000,False
infectious_disease,respiratory,COVID-19,Nation,England,COVID-19_cases_casesByDay,all,all,default,2024,2024-08-27,258.0000,False
infectious_disease,respiratory,COVID-19,Nation,England,COVID-19_cases_casesByDay,all,all,default,2024,2024-08-26,233.0000,False
infectious_disease,respiratory,COVID-19,Nation,England,COVID-19_cases_casesByDay,all,all,default,2024,2024-08-25,163.0000,False
infectious_disease,respiratory,COVID-19,Nation,England,COVID-19_cases_casesByDay,all,all,default,2024,2024-08-24,202.0000,False
infectious_disease,respiratory,COVID-19,Nation,England,COVID-19_cases_casesByDay,all,all,default,2024,2024-08-23,223.0000,False
infectious_disease,respiratory,COVID-19,Nation,England,COVID-19_cases_casesByDay,all,all,default,2024,2024-08-22,251.0000,False
infectious_disease,respiratory,COVID-19,Nation,England,COVID-19_cases_casesByDay,all,all,default,2024,2024-08-21,220.0000,False
infectious_disease,respiratory,COVID-19,Nation,England,COVID-19_cases_casesByDay,all,all,default,2024,2024-08-20,203.0000,False
infectious_disease,respiratory,COVID-19,Nation,England,COVID-19_cases_casesByDay,all,all,default,2024,2024-08-19,247.0000,False
infectious_disease,respiratory,COVID-19,Nation,England,COVID-19_cases_casesByDay,all,all,default,2024,2024-08-18,162.0000,False
infectious_disease,respiratory,COVID-19,Nation,England,COVID-19_cases_casesByDay,all,all,default,2024,2024-08-17,159.0000,False
infectious_disease,respiratory,COVID-19,Nation,England,COVID-19_cases_casesByDay,all,all,default,2024,2024-08-16,237.0000,False
infectious_disease,respiratory,COVID-19,Nation,England,COVID-19_cases_casesByDay,all,all,default,2024,2024-08-15,263.0000,False
infectious_disease,respiratory,COVID-19,Nation,England,COVID-19_cases_casesByDay,all,all,default,2024,2024-08-14,276.0000,False
infectious_disease,respiratory,COVID-19,Nation,England,COVID-19_cases_casesByDay,all,all,default,2024,2024-08-13,284.0000,False
infectious_disease,respiratory,COVID-19,Nation,England,COVID-19_cases_casesByDay,all,all,default,2024,2024-08-12,300.0000,False
infectious_disease,respiratory,COVID-19,Nation,England,COVID-19_cases_casesByDay,all,all,default,2024,2024-08-11,215.0000,False
infectious_disease,respiratory,COVID-19,Nation,England,COVID-19_cases_casesByDay,all,all,default,2024,2024-08-10,205.0000,False
infectious_disease,respiratory,COVID-19,Nation,England,COVID-19_cases_casesByDay,all,all,default,2024,2024-08-09,293.0000,False
infectious_disease,respiratory,COVID-19,Nation,England,COVID-19_cases_casesByDay,all,all,default,2024,2024-08-08,280.0000,False
infectious_disease,respiratory,COVID-19,Nation,England,COVID-19_cases_casesByDay,all,all,default,2024,2024-08-07,307.0000,False
infectious_disease,respiratory,COVID-19,Nation,England,COVID-19_cases_casesByDay,all,all,default,2024,2024-08-06,336.0000,False
infectious_disease,respiratory,COVID-19,Nation,England,COVID-19_cases_casesByDay,all,all,default,2024,2024-08-05,402.0000,False
infectious_disease,respiratory,COVID-19,Nation,England,COVID-19_cases_casesByDay,all,all,default,2024,2024-08-04,264.0000,False
infectious_disease,respiratory,COVID-19,Nation,England,COVID-19_cases_casesByDay,all,all,default,2024,2024-08-03,279.0000,False
infectious_disease,respiratory,COVID-19,Nation,England,COVID-19_cases_casesByDay,all,all,default,2024,2024-08-02,394.0000,False
infectious_disease,respiratory,COVID-19,Nation,England,COVID-19_cases_casesByDay,all,all,default,2024,2024-08-01,441.0000,False
infectious_disease,respiratory,COVID-19,Nation,England,COVID-19_cases_casesByDay,all,all,default,2024,2024-07-31,487.0000,False
infectious_disease,respiratory,COVID-19,Nation,England,COVID-19_cases_casesByDay,all,all,default,2024,2024-07-30,472.0000,False
infectious_disease,respiratory,COVID-19,Nation,England,COVID-19_cases_casesByDay,all,all,default,2024,2024-07-29,460.0000,False
infectious_disease,respiratory,COVID-19,Nation,England,COVID-19_cases_casesByDay,all,all,default,2024,2024-07-28,344.0000,False
infectious_disease,respiratory,COVID-19,Nation,England,COVID-19_cases_casesByDay,all,all,default,2024,2024-07-27,336.0000,False
infectious_disease,respiratory,COVID-19,Nation,England,COVID-19_cases_casesByDay,all,all,default,2024,2024-07-26,509.0000,False
infectious_disease,respiratory,COVID-19,Nation,England,COVID-19_cases_casesByDay,all,all,default,2024,2024-07-25,501.0000,False
infectious_disease,respiratory,COVID-19,Nation,England,COVID-19_cases_casesByDay,all,all,default,2024,2024-07-24,537.0000,False
infectious_disease,respiratory,COVID-19,Nation,England,COVID-19_cases_casesByDay,all,all,default,2024,2024-07-23,563.0000,False
infectious_disease,respiratory,COVID-19,Nation,England,COVID-19_cases_casesByDay,all,all,default,2024,2024-07-22,585.0000,False
infectious_disease,respiratory,COVID-19,Nation,England,COVID-19_cases_casesByDay,all,all,default,2024,2024-07-21,414.0000,False
infectious_disease,respiratory,COVID-19,Nation,England,COVID-19_cases_casesByDay,all,all,default,2024,2024-07-20,434.0000,False
infectious_disease,respiratory,COVID-19,Nation,England,COVID-19_cases_casesByDay,all,all,default,2024,2024-07-19,636.0000,False
infectious_disease,respiratory,COVID-19,Nation,England,COVID-19_cases_casesByDay,all,all,default,2024,2024-07-18,617.0000,False
infectious_disease,respiratory,COVID-19,Nation,England,COVID-19_cases_casesByDay,all,all,default,2024,2024-07-17,591.0000,False
infectious_disease,respiratory,COVID-19,Nation,England,COVID-19_cases_casesByDay,all,all,default,2024,2024-07-16,618.0000,False
infectious_disease,respiratory,COVID-19,Nation,England,COVID-19_cases_casesByDay,all,all,default,2024,2024-07-15,624.0000,False
infectious_disease,respiratory,COVID-19,Nation,England,COVID-19_cases_casesByDay,all,all,default,2024,2024-07-14,416.0000,False
infectious_disease,respiratory,COVID-19,Nation,England,COVID-19_cases_casesByDay,all,all,default,2024,2024-07-13,465.0000,False
infectious_disease,respiratory,COVID-19,Nation,England,COVID-19_cases_casesByDay,all,all,default,2024,2024-07-12,531.0000,False
infectious_disease,respiratory,COVID-19,Nation,England,COVID-19_cases_casesByDay,all,all,default,2024,2024-07-11,539.0000,False
infectious_disease,respiratory,COVID-19,Nation,England,COVID-19_cases_casesByDay,all,all,default,2024,2024-07-10,629.0000,False
infectious_disease,respiratory,COVID-19,Nation,England,COVID-19_cases_casesByDay,all,all,default,2024,2024-07-09,601.0000,False
infectious_disease,respiratory,COVID-19,Nation,England,COVID-19_cases_casesByDay,all,all,default,2024,2024-07-08,618.0000,False
infectious_disease,respiratory,COVID-19,Nation,England,COVID-19_cases_casesByDay,all,all,default,2024,2024-07-07,372.0000,False
infectious_disease,respiratory,COVID-19,Nation,England,COVID-19_cases_casesByDay,all,all,default,2024,2024-07-06,361.0000,False
infectious_disease,respiratory,COVID-19,Nation,England,COVID-19_cases_casesByDay,all,all,default,2024,2024-07-05,511.0000,False
infectious_disease,respiratory,COVID-19,Nation,England,COVID-19_cases_casesByDay,all,all,default,2024,2024-07-04,503.0000,False
infectious_disease,respiratory,COVID-19,Nation,England,COVID-19_cases_casesByDay,all,all,default,2024,2024-07-03,479.0000,False
infectious_disease,respiratory,COVID-19,Nation,England,COVID-19_cases_casesByDay,all,all,default,2024,2024-07-02,442.0000,False
infectious_disease,respiratory,COVID-19,Nation,England,COVID-19_cases_casesByDay,all,all,default,2024,2024-07-01,473.0000,False
infectious_disease,respiratory,COVID-19,Nation,England,COVID-19_cases_casesByDay,all,all,default,2024,2024-06-30,322.0000,False
infectious_disease,respiratory,COVID-19,Nation,England,COVID-19_cases_casesByDay,all,all,default,2024,2024-06-29,314.0000,False
infectious_disease,respiratory,COVID-19,Nation,England,COVID-19_cases_casesByDay,all,all,default,2024,2024-06-28,393.0000,False
infectious_disease,respiratory,COVID-19,Nation,England,COVID-19_cases_casesByDay,all,all,default,2024,2024-06-27,552.0000,False
infectious_disease,respiratory,COVID-19,Nation,England,COVID-19_cases_casesByDay,all,all,default,2024,2024-06-26,572.0000,False
infectious_disease,respiratory,COVID-19,Nation,England,COVID-19_cases_casesByDay,all,all,default,2024,2024-06-25,552.0000,False
infectious_disease,respiratory,COVID-19,Nation,England,COVID-19_cases_casesByDay,all,all,default,2024,2024-06-24,510.0000,False
infectious_disease,respiratory,COVID-19,Nation,England,COVID-19_cases_casesByDay,all,all,default,2024,2024-06-23,379.0000,False
infectious_disease,respiratory,COVID-19,Nation,England,COVID-19_cases_casesByDay,all,all,default,2024,2024-06-22,416.0000,False
infectious_disease,respiratory,COVID-19,Nation,England,COVID-19_cases_casesByDay,all,all,default,2024,2024-06-21,510.0000,False
infectious_disease,respiratory,COVID-19,Nation,England,COVID-19_cases_casesByDay,all,all,default,2024,2024-06-20,478.0000,False
infectious_disease,respiratory,COVID-19,Nation,England,COVID-19_cases_casesByDay,all,all,default,2024,2024-06-19,544.0000,False
infectious_disease,respiratory,COVID-19,Nation,England,COVID-19_cases_casesByDay,all,all,default,2024,2024-06-18,515.0000,False
infectious_disease,respiratory,COVID-19,Nation,England,COVID-19_cases_casesByDay,all,all,default,2024,2024-06-17,475.0000,False
infectious_disease,respiratory,COVID-19,Nation,England,COVID-19_cases_casesByDay,all,all,default,2024,2024-06-16,348.0000,False
infectious_disease,respiratory,COVID-19,Nation,England,COVID-19_cases_casesByDay,all,all,default,2024,2024-06-15,323.0000,False
infectious_disease,respiratory,COVID-19,Nation,England,COVID-19_cases_casesByDay,all,all,default,2024,2024-06-14,406.0000,False
infectious_disease,respiratory,COVID-19,Nation,England,COVID-19_cases_casesByDay,all,all,default,2024,2024-06-13,409.0000,False
infectious_disease,respiratory,COVID-19,Nation,England,COVID-19_cases_casesByDay,all,all,default,2024,2024-06-12,366.0000,False
infectious_disease,respiratory,COVID-19,Nation,England,COVID-19_cases_casesByDay,all,all,default,2024,2024-06-11,374.0000,False
infectious_disease,respiratory,COVID-19,Nation,England,COVID-19_cases_casesByDay,all,all,default,2024,2024-06-10,356.0000,False
infectious_disease,respiratory,COVID-19,Nation,England,COVID-19_cases_casesByDay,all,all,default,2024,2024-06-09,274.0000,False
infectious_disease,respiratory,COVID-19,Nation,England,COVID-19_cases_casesByDay,all,all,default,2024,2024-06-08,255.0000,False
infectious_disease,respiratory,COVID-19,Nation,England,COVID-19_cases_casesByDay,all,all,default,2024,2024-06-07,297.0000,False
infectious_disease,respiratory,COVID-19,Nation,England,COVID-19_cases_casesByDay,all,all,default,2024,2024-06-06,275.0000,False
infectious_disease,respiratory,COVID-19,Nation,England,COVID-19_cases_casesByDay,all,all,default,2024,2024-06-05,331.0000,False
infectious_disease,respiratory,COVID-19,Nation,England,COVID-19_cases_casesByDay,all,all,default,2024,2024-06-04,310.0000,False
infectious_disease,respiratory,COVID-19,Nation,England,COVID-19_cases_casesByDay,all,all,default,2024,2024-06-03,335.0000,False
infectious_disease,respiratory,COVID-19,Nation,England,COVID-19_cases_casesByDay,all,all,default,2024,2024-06-02,201.0000,False
infectious_disease,respiratory,COVID-19,Nation,England,COVID-19_cases_casesByDay,all,all,default,2024,2024-06-01,191.0000,False
infectious_disease,respiratory,COVID-19,Nation,England,COVID-19_cases_casesByDay,all,all,default,2024,2024-05-31,312.0000,False
infectious_disease,respiratory,COVID-19,Nation,England,COVID-19_cases_casesByDay,all,all,default,2024,2024-05-30,296.0000,False
infectious_disease,respiratory,COVID-19,Nation,England,COVID-19_cases_casesByDay,all,all,default,2024,2024-05-29,276.0000,False
infectious_disease,respiratory,COVID-19,Nation,England,COVID-19_cases_casesByDay,all,all,default,2024,2024-05-28,298.0000,False
infectious_disease,respiratory,COVID-19,Nation,England,COVID-19_cases_casesByDay,all,all,default,2024,2024-05-27,215.0000,False
infectious_disease,respiratory,COVID-19,Nation,England,COVID-19_cases_casesByDay,all,all,default,2024,2024-05-26,194.0000,False
infectious_disease,respiratory,COVID-19,Nation,England,COVID-19_cases_casesByDay,all,all,default,2024,2024-05-25,171.0000,False
infectious_disease,respiratory,COVID-19,Nation,England,COVID-19_cases_casesByDay,all,all,default,2024,2024-05-24,269.0000,False
infectious_disease,respiratory,COVID-19,Nation,England,COVID-19_cases_casesByDay,all,all,default,2024,2024-05-23,256.0000,False
infectious_disease,respiratory,COVID-19,Nation,England,COVID-19_cases_casesByDay,all,all,default,2024,2024-05-22,283.0000,False
infectious_disease,respiratory,COVID-19,Nation,England,COVID-19_cases_casesByDay,all,all,default,2024,2024-05-21,290.0000,False
infectious_disease,respiratory,COVID-19,Nation,England,COVID-19_cases_casesByDay,all,all,default,2024,2024-05-20,325.0000,False
infectious_disease,respiratory,COVID-19,Nation,England,COVID-19_cases_casesByDay,all,all,default,2024,2024-05-19,222.0000,False
infectious_disease,respiratory,COVID-19,Nation,England,COVID-19_cases_casesByDay,all,all,default,2024,2024-05-18,196.0000,False
infectious_disease,respiratory,COVID-19,Nation,England,COVID-19_cases_casesByDay,all,all,default,2024,2024-05-17,315.0000,False
infectious_disease,respiratory,COVID-19,Nation,England,COVID-19_cases_casesByDay,all,all,default,2024,2024-05-16,350.0000,False
infectious_disease,respiratory,COVID-19,Nation,England,COVID-19_cases_casesByDay,all,all,default,2024,2024-05-15,343.0000,False
infectious_disease,respiratory,COVID-19,Nation,England,COVID-19_cases_casesByDay,all,all,default,2024,2024-05-14,337.0000,False
infectious_disease,respiratory,COVID-19,Nation,England,COVID-19_cases_casesByDay,all,all,default,2024,2024-05-13,336.0000,False
infectious_disease,respiratory,COVID-19,Nation,England,COVID-19_cases_casesByDay,all,all,default,2024,2024-05-12,229.0000,False
infectious_disease,respiratory,COVID-19,Nation,England,COVID-19_cases_casesByDay,all,all,default,2024,2024-05-11,262.0000,False
infectious_disease,respiratory,COVID-19,Nation,England,COVID-19_cases_casesByDay,all,all,default,2024,2024-05-10,360.0000,False
infectious_disease,respiratory,COVID-19,Nation,England,COVID-19_cases_casesByDay,all,all,default,2024,2024-05-09,427.0000,False
infectious_disease,respiratory,COVID-19,Nation,England,COVID-19_cases_casesByDay,all,all,default,2024,2024-05-08,391.0000,False
infectious_disease,respiratory,COVID-19,Nation,England,COVID-19_cases_casesByDay,all,all,default,2024,2024-05-07,412.0000,False
infectious_disease,respiratory,COVID-19,Nation,England,COVID-19_cases_casesByDay,all,all,default,2024,2024-05-06,343.0000,False
infectious_disease,respiratory,COVID-19,Nation,England,COVID-19_cases_casesByDay,all,all,default,2024,2024-05-05,279.0000,False
infectious_disease,respiratory,COVID-19,Nation,England,COVID-19_cases_casesByDay,all,all,default,2024,2024-05-04,279.0000,False
infectious_disease,respiratory,COVID-19,Nation,England,COVID-19_cases_casesByDay,all,all,default,2024,2024-05-03,412.0000,False
infectious_disease,respiratory,COVID-19,Nation,England,COVID-19_cases_casesByDay,all,all,default,2024,2024-05-02,362.0000,False
infectious_disease,respiratory,COVID-19,Nation,England,COVID-19_cases_casesByDay,all,all,default,2024,2024-05-01,398.0000,False
infectious_disease,respiratory,COVID-19,Nation,England,COVID-19_cases_casesByDay,all,all,default,2024,2024-04-30,377.0000,False
infectious_disease,respiratory,COVID-19,Nation,England,COVID-19_cases_casesByDay,all,all,default,2024,2024-04-29,342.0000,False
infectious_disease,respiratory,COVID-19,Nation,England,COVID-19_cases_casesByDay,all,all,default,2024,2024-04-28,182.0000,False
infectious_disease,respiratory,COVID-19,Nation,England,COVID-19_cases_casesByDay,all,all,default,2024,2024-04-27,198.0000,False
infectious_disease,respiratory,COVID-19,Nation,England,COVID-19_cases_casesByDay,all,all,default,2024,2024-04-26,276.0000,False
infectious_disease,respiratory,COVID-19,Nation,England,COVID-19_cases_casesByDay,all,all,default,2024,2024-04-25,282.0000,False
infectious_disease,respiratory,COVID-19,Nation,England,COVID-19_cases_casesByDay,all,all,default,2024,2024-04-24,294.0000,False
infectious_disease,respiratory,COVID-19,Nation,England,COVID-19_cases_casesByDay,all,all,default,2024,2024-04-23,273.0000,False
infectious_disease,respiratory,COVID-19,Nation,England,COVID-19_cases_casesByDay,all,all,default,2024,2024-04-22,263.0000,False
infectious_disease,respiratory,COVID-19,Nation,England,COVID-19_cases_casesByDay,all,all,default,2024,2024-04-21,171.0000,False
infectious_disease,respiratory,COVID-19,Nation,England,COVID-19_cases_casesByDay,all,all,default,2024,2024-04-20,144.0000,False
infectious_disease,respiratory,COVID-19,Nation,England,COVID-19_cases_casesByDay,all,all,default,2024,2024-04-19,210.0000,False
infectious_disease,respiratory,COVID-19,Nation,England,COVID-19_cases_casesByDay,all,all,default,2024,2024-04-18,236.0000,False
infectious_disease,respiratory,COVID-19,Nation,England,COVID-19_cases_casesByDay,all,all,default,2024,2024-04-17,224.0000,False
infectious_disease,respiratory,COVID-19,Nation,England,COVID-19_cases_casesByDay,all,all,default,2024,2024-04-16,192.0000,False
infectious_disease,respiratory,COVID-19,Nation,England,COVID-19_cases_casesByDay,all,all,default,2024,2024-04-15,217.0000,False
infectious_disease,respiratory,COVID-19,Nation,England,COVID-19_cases_casesByDay,all,all,default,2024,2024-04-14,141.0000,False
infectious_disease,respiratory,COVID-19,Nation,England,COVID-19_cases_casesByDay,all,all,default,2024,2024-04-13,139.0000,False
infectious_disease,respiratory,COVID-19,Nation,England,COVID-19_cases_casesByDay,all,all,default,2024,2024-04-12,218.0000,False
infectious_disease,respiratory,COVID-19,Nation,England,COVID-19_cases_casesByDay,all,all,default,2024,2024-04-11,185.0000,False
infectious_disease,respiratory,COVID-19,Nation,England,COVID-19_cases_casesByDay,all,all,default,2024,2024-04-10,162.0000,False
infectious_disease,respiratory,COVID-19,Nation,England,COVID-19_cases_casesByDay,all,all,default,2024,2024-04-09,188.0000,False
infectious_disease,respiratory,COVID-19,Nation,England,COVID-19_cases_casesByDay,all,all,default,2024,2024-04-08,216.0000,False
infectious_disease,respiratory,COVID-19,Nation,England,COVID-19_cases_casesByDay,all,all,default,2024,2024-04-07,154.0000,False
infectious_disease,respiratory,COVID-19,Nation,England,COVID-19_cases_casesByDay,all,all,default,2024,2024-04-06,144.0000,False
infectious_disease,respiratory,COVID-19,Nation,England,COVID-19_cases_casesByDay,all,all,default,2024,2024-04-05,203.0000,False
infectious_disease,respiratory,COVID-19,Nation,England,COVID-19_cases_casesByDay,all,all,default,2024,2024-04-04,200.0000,False
infectious_disease,respiratory,COVID-19,Nation,England,COVID-19_cases_casesByDay,all,all,default,2024,2024-04-03,207.0000,False
infectious_disease,respiratory,COVID-19,Nation,England,COVID-19_cases_casesByDay,all,all,default,2024,2024-04-02,252.0000,False
infectious_disease,respiratory,COVID-19,Nation,England,COVID-19_cases_casesByDay,all,all,default,2024,2024-04-01,183.0000,False
